Тип занятия,Дата,Избранное,Название,Расстояние,Калории,Время,Средняя ЧП,Максимальная ЧП,Средняя частота,Максимальная частота вращения,Средний темп,Лучший темп,Подъем,Общий спуск,Средняя длина шага,Training Stress Score®,Шаги,Минимальная температура,Декомпрессия,Время лучшего круга,Количество кругов,Максимальная температура,Время в движении,Истекшее время,Минимальная высота,Максимальная высота
Поход,2025-11-04 09:32:54,false,"Катав-Ивановский район Поход","7.82","679","02:18:09","108","169","76","170","17:40","--","--","--","0.75","0.0","11,378","--","Нет","02:18:09","1","--","00:00:00","02:48:38","551","652"
Поход,2025-11-03 09:41:38,false,"Катав-Ивановский район Поход","15.67","2,101","06:32:33","122","183","56","191","25:04","--","--","--","0.71","0.0","24,706","--","Нет","06:32:33","1","--","00:00:00","06:32:33","804","1,580"
Поход,2025-07-12 13:41:28,false,"Саткинский район Поход","12.95","2,069","05:45:00","127","178","45","160","26:37","3:52","2,497","2,878","0.84","0.0","17,388","21.0","Нет","05:45:00","1","30.0","02:38:07","05:45:00","-500","954"
Поход,2025-06-21 13:00:27,false,"Саткинский район Поход","11.99","2,139","06:28:44","121","169","35","234","32:26","2:37","2,483","1,092","0.89","0.0","15,238","18.0","Нет","06:28:44","1","27.0","02:15:16","06:28:44","699","2,207"
Поход,2025-06-01 13:22:52,false,"Первая встреча с медведем ","1.16","248","00:39:53","112","137","47","160","34:18","8:19","295","194","0.62","0.0","1,886","30.0","Нет","00:39:53","1","33.0","00:16:45","00:39:53","255","466"
Поход,2025-05-31 12:53:39,false,"Мелеузовский район Поход","2.94","605","01:49:17","112","155","25","160","37:12","1:42","204","365","1.07","0.0","3,282","25.0","Нет","01:49:17","1","33.0","00:28:55","01:49:17","183","670"
Поход,2025-05-02 10:38:52,false,"Саракташский район Поход","16.10","1,363","06:50:13","94","94","59","228","25:29","0:53","1,385","1,598","0.66","0.0","24,476","16.0","Нет","06:50:13","1","29.0","03:26:06","08:25:46","41","739"
Поход,2025-05-01 12:20:58,false,"Акбулакский район Поход","7.86","986","05:31:16","82","126","33","160","42:12","11:14","131","194","0.71","0.0","11,688","20.0","Нет","05:31:16","1","32.0","01:59:54","05:31:16","162","218"
Поход,2025-04-06 09:03:31,false,"Златоуст Поход","10.93","1,108","04:02:42","106","150","66","159","22:13","11:54","127","440","0.69","0.0","--","18.0","Нет","04:02:42","1","30.0","02:42:50","04:02:42","471","835"
Поход,2025-04-05 09:32:03,false,"Златоуст Поход","19.26","2,174","05:07:44","125","171","89","239","15:59","8:22","1,050","788","0.70","0.0","28,188","18.0","Нет","05:07:44","1","26.0","04:16:12","05:07:44","431","819"
Поход,2025-03-29 14:54:03,false,"Уфа Поход","13.02","1,395","04:20:10","115","156","72","160","19:59","9:01","186","284","0.70","0.0","19,690","22.0","Нет","04:20:10","1","30.0","03:17:22","06:11:56","66","162"
Поход,2025-03-23 12:12:26,false,"Белорецкий район Поход","4.29","508","01:31:33","110","141","60","194","21:19","1:26","159","200","0.78","0.0","5,926","17.0","Нет","01:31:33","1","30.0","00:57:44","01:31:33","595","747"
Поход,2025-03-22 13:31:21,false,"Белорецкий район Поход","12.85","1,841","04:57:16","123","159","65","211","23:09","9:08","883","931","0.66","0.0","20,408","15.0","Нет","04:57:16","1","31.0","03:13:24","04:57:19","446","1,115"
Поход,2025-03-02 11:28:18,false,"Уфа Поход","5.76","511","01:25:25","112","138","96","124","14:49","11:10","97","179","0.70","0.0","8,632","17.0","Нет","01:25:25","1","28.0","01:19:52","01:25:25","170","289"
Поход,2024-12-07 10:36:05,false,"Белорецкий район Поход","7.70","1,206","03:43:58","110","162","47","235","29:05","5:19","394","476","0.73","0.0","11,888","9.0","Нет","03:43:58","1","19.0","01:42:39","03:43:58","573","952"
Поход,2024-09-15 12:33:05,false,"Ашинский район Поход","8.54","718","02:36:07","100","149","35","160","18:16","0:45","127","181","1.56","0.0","6,524","23.0","Нет","02:36:07","1","33.0","00:58:18","02:36:07","166","304"
Поход,2024-09-14 10:07:37,false,"Катав-Ивановский район Поход","19.25","3,148","09:07:01","119","169","49","212","28:26","11:01","898","827","0.71","0.0","30,310","14.0","Нет","09:07:01","1","30.0","04:45:04","09:07:01","810","1,625"
Поход,2024-07-21 10:22:40,false,"Софийские озера","19.89","3,418","10:24:50","132","171","46","207","31:23","0:38","2,660","2,539","0.69","0.0","34,186","19.0","Нет","10:24:50","1","31.0","04:08:40","11:07:11","1,468","2,686"
Поход,2024-07-20 14:42:19,false,"Зеленчукский район Поход","14.15","551","02:29:05","86","140","38","160","10:32","0:46","316","400","2.49","0.0","6,252","25.0","Нет","02:29:05","1","31.0","01:26:53","02:29:05","1,547","1,875"
Поход,2024-07-18 17:53:14,false,"Кисловодск Поход","7.63","673","02:18:41","103","146","72","160","18:11","5:02","475","703","0.77","0.0","10,760","26.0","Нет","02:18:41","1","28.0","01:41:12","02:18:41","616","984"
Поход,2024-07-16 03:02:37,false,"восхождение на Эльбрус","12.50","3,190","09:01:40","121","165","7","160","43:17","1:02","1,635","1,900","3.10","0.0","7,114","14.0","Нет","09:01:40","1","33.0","01:46:24","09:01:40","3,823","5,518"
Поход,2024-07-14 08:09:32,false,"Эльбрусский район Поход. основная тренировка. седьмая.","6.58","3,208","07:37:14","131","163","3","158","--","1:14","804","1,107","5.15","0.0","6,118","17.0","Нет","07:37:14","1","26.0","00:37:37","07:37:14","3,765","4,703"
Поход,2024-07-13 15:46:31,false,"Эльбрусский район Поход. миниаклиматизация","2.37","679","01:59:53","110","146","6","158","50:40","1:06","359","171","3.36","0.0","2,436","21.0","Нет","01:59:53","1","28.0","00:19:00","01:59:53","3,885","4,084"
Поход,2024-07-12 08:40:14,false,"Эльбрусский район Поход. 6 тренировка акклиматизация ","16.16","2,325","05:43:55","126","174","37","234","21:17","2:01","2,142","2,052","1.26","0.0","19,816","22.0","Нет","05:43:55","1","31.0","03:25:38","05:43:55","2,175","3,220"
Поход,2024-07-11 08:36:57,false,"Эльбрусский район Поход. Пятая тренировка ","11.45","2,544","05:47:47","134","171","21","190","30:21","7:46","1,241","611","1.53","0.0","13,850","23.0","Нет","05:47:47","1","36.0","02:26:30","05:47:47","2,075","3,100"
Поход,2024-07-10 15:37:08,false,"Эльбрусский район Поход. Четвёртая полутренировка ","9.66","711","02:19:50","105","134","84","160","14:29","3:34","578","512","0.82","0.0","12,114","24.0","Нет","02:19:50","1","28.0","01:58:40","02:19:50","1,919","2,101"
Поход,2024-07-08 11:27:05,false,"Карачаевский район Поход. третья тренировка ","5.89","1,400","03:45:46","120","163","30","207","38:19","5:26","605","787","0.86","0.0","8,826","24.0","Нет","03:45:46","1","32.0","01:08:13","03:45:47","1,601","1,933"
Поход,2024-07-07 11:47:09,false,"Карачаевский район Поход. вторая тренировка","4.14","1,757","03:03:38","142","180","56","159","44:20","7:38","1,326","445","0.40","0.0","10,336","16.0","Нет","03:03:38","1","27.0","01:06:40","03:31:17","2,278","3,102"
Поход,2024-07-06 11:47:57,false,"Батукские. Первая тренировка перед Эльбрусом","9.21","1,728","04:09:10","125","179","48","234","27:03","6:29","973","972","0.77","0.0","14,398","18.0","Нет","04:09:10","1","31.0","02:08:41","04:09:10","1,401","2,067"
Поход,2024-06-16 09:33:22,false,"Белорецкий район Поход","15.26","1,379","04:11:38","109","143","82","213","16:29","4:55","441","1,081","0.74","0.0","22,248","27.0","Нет","04:11:38","1","33.0","03:29:21","04:11:38","522","1,317"
Поход,2024-06-15 12:41:52,false,"Катав-Ивановский район Поход","17.25","3,188","06:56:22","134","176","55","234","24:09","5:13","1,611","906","0.75","0.0","24,758","21.0","Нет","06:56:22","1","33.0","04:01:10","06:56:35","417","1,238"
Поход,2024-05-08 10:50:41,false,"Кугарчинский район Поход","7.60","947","02:48:33","108","155","55","158","22:12","6:38","346","318","0.81","0.0","10,530","20.0","Нет","02:48:33","1","27.0","01:30:21","02:48:33","253","412"
Поход,2024-05-07 21:08:23,false,"Кугарчинский район Поход","8.99","784","05:53:54","64","139","4","165","39:24","0:46","81","180","5.66","0.0","2,380","21.0","Нет","05:53:54","1","31.0","00:26:29","05:53:54","205","371"
Поход,2024-02-18 11:01:11,false,"Златоуст Поход","8.78","626","02:01:32","100","129","103","185","13:51","10:21","143","456","0.70","0.0","12,874","9.0","Нет","02:01:32","1","24.0","01:54:32","02:01:32","490","817"
Поход,2024-02-17 16:45:23,false,"Златоуст Поход","1.71","876","02:03:45","126","169","15","177","--","7:27","192","222","0.95","0.0","3,092","5.0","Нет","02:03:45","1","27.0","00:15:25","02:03:45","806","1,033"
Поход,2024-02-17 11:12:55,false,"Златоуст Поход","8.57","1,396","03:42:02","118","155","55","161","25:55","10:33","301","353","0.70","0.0","14,630","9.0","Нет","03:42:02","1","19.0","02:05:07","03:42:02","796","1,041"
Поход,2024-02-16 21:15:05,false,"Златоуст Поход","8.84","1,301","02:15:52","138","159","96","204","15:22","10:00","482","199","0.68","0.0","13,346","10.0","Нет","02:15:52","1","19.0","02:02:20","02:21:44","536","853"
Поход,2023-11-05 11:07:22,false,"Златоуст Поход","14.63","2,436","06:03:45","119","161","55","226","24:53","1:22","844","795","0.73","0.0","23,456","13.0","Нет","06:03:45","1","26.0","03:14:05","06:03:51","407","989"
Поход,2023-11-04 13:06:30,false,"Златоуст Поход","20.08","2,651","08:15:29","108","157","52","210","24:41","6:28","679","602","0.77","0.0","30,106","8.0","Нет","08:15:29","1","26.0","04:39:46","08:39:26","377","877"
Поход,2023-09-24 13:39:50,false,"Кармаскалинский район Поход","2.90","354","01:12:06","97","139","64","160","24:50","11:11","149","161","0.63","0.0","5,120","28.0","Нет","01:12:06","1","32.0","00:47:38","01:12:07","162","284"
Поход,2023-09-17 09:27:37,false,"Белорецкий район Поход","12.68","2,197","06:09:38","115","157","45","226","29:08","7:09","662","703","0.77","0.0","18,390","19.0","Нет","06:09:38","1","36.0","02:50:34","06:09:41","280","956"
Поход,2023-09-02 12:12:08,false,"Саткинский район Поход","8.53","2,299","06:28:58","113","162","26","199","45:32","9:55","548","381","0.86","0.0","11,950","14.0","Нет","06:28:58","1","25.0","01:41:13","06:29:08","704","1,384"
Поход,2023-08-26 11:45:31,false,"Белорецкий район Поход","11.69","1,771","05:52:04","102","159","49","190","30:08","5:51","591","621","0.68","0.0","18,518","18.0","Нет","05:52:04","1","28.0","02:57:14","05:52:04","200","803"
Поход,2023-08-16 12:14:19,false,"Белорецкий район Поход","12.17","887","04:54:33","--","--","53","222","24:11","3:00","473","814","0.78","0.0","17,136","27.0","Нет","04:54:33","1","32.0","02:44:37","04:54:33","354","904"
Поход,2023-08-15 20:02:14,false,"Белорецкий район Поход","1.50","99","01:17:15","--","--","34","158","51:26","11:26","346","28","0.57","0.0","3,384","24.0","Нет","01:17:15","1","28.0","00:23:25","01:17:15","359","686"
Поход,2023-07-24 16:38:22,false,"Итум-Калинский район Поход","5.67","399","02:59:20","--","--","54","160","31:38","11:32","314","390","0.58","0.0","9,658","22.0","Нет","02:59:20","1","29.0","01:35:14","03:02:49","1,227","1,517"
Поход,2023-07-24 10:38:19,false,"Итум-Калинский район Поход","2.42","186","00:58:10","--","--","68","156","24:01","9:18","207","216","0.61","0.0","4,198","23.0","Нет","00:58:10","1","29.0","00:39:42","00:58:10","2,040","2,247"
Поход,2023-07-23 10:40:26,false,"Хватит Дагестана, поехали в Чечню. Там лучше","1.47","112","00:28:38","--","--","76","156","19:31","11:59","54","53","0.68","0.0","2,346","30.0","Нет","00:28:38","1","34.0","00:23:41","00:28:38","860","892"
Поход,2023-07-22 15:25:36,false,"Кумторкалинский район Поход","2.28","161","01:06:30","--","--","51","165","29:14","2:34","124","132","0.68","0.0","3,710","30.0","Нет","01:06:30","1","35.0","00:37:13","01:06:30","152","268"
Поход,2023-07-20 10:48:16,false,"Прогулка на гору Маяк, в красивейшем Дагестане","8.96","657","04:17:17","84","84","53","227","28:44","4:07","597","641","0.66","0.0","14,984","21.0","Нет","04:17:17","1","33.0","02:21:06","05:07:50","1,469","2,352"
Поход,2023-07-19 10:23:57,false,"Ботлихский район Поход","17.87","1,004","03:54:48","--","--","30","160","13:09","0:50","413","634","2.53","0.0","7,980","19.0","Нет","03:54:48","1","33.0","01:35:56","04:05:09","1,846","2,284"
Поход,2023-07-17 11:45:45,false,"Прекрасная Алания ","6.52","366","03:16:16","--","--","33","180","30:08","2:01","608","767","1.02","0.0","8,132","16.0","Нет","03:16:16","1","31.0","01:04:20","03:16:16","1,705","2,268"
Поход,2023-07-16 11:12:55,false,"Водопады и город мертвых ","4.48","288","01:42:37","--","--","55","158","22:54","1:43","609","535","0.79","0.0","6,582","18.0","Нет","01:42:37","1","28.0","00:59:23","01:42:37","854","2,166"
Поход,2023-07-15 15:07:12,false,"Потрогали ледник руками. Природа тут такая величественная и могущественная ","9.96","625","03:13:54","--","--","58","220","19:28","8:32","490","519","0.88","0.0","13,328","19.0","Нет","03:13:54","1","27.0","02:00:21","03:15:53","1,796","2,139"
Поход,2023-07-14 12:18:50,false,"Пятигорская прогулка по горам ","7.80","476","04:49:36","--","--","40","196","37:07","7:12","1,019","822","0.67","0.0","15,168","28.0","Нет","04:49:36","1","33.0","01:42:36","04:49:36","810","1,361"
Поход,2023-07-10 09:51:57,false,"Хвалынский район Поход","14.13","921","02:33:11","--","--","58","180","10:51","0:53","206","337","1.60","0.0","9,648","29.0","Нет","02:33:11","1","32.0","01:48:58","02:56:14","52","326"
Поход,2023-07-09 15:04:17,false,"Жигули ","1.54","228","01:04:32","--","--","35","161","42:01","3:23","163","245","0.68","0.0","--","20.0","Нет","01:04:32","1","32.0","00:21:19","01:04:32","16","197"
Поход,2023-07-02 09:02:43,false,"Уреньга опять показала свой характер ","0.97","304","01:04:35","--","--","3","153","--","0:56","66","95","4.96","0.0","--","25.0","Нет","01:04:35","1","30.0","00:10:07","01:04:35","1,074","1,106"
Поход,2023-07-01 14:57:09,false,"Златоуст Поход","9.90","971","05:04:45","--","--","29","215","30:48","0:27","1,043","1,178","1.12","0.0","10,968","17.0","Нет","05:04:45","1","31.0","01:41:29","07:01:15","430","1,192"
Поход,2023-05-08 10:38:41,false,"Малый Кумардак ","17.00","1,438","04:51:13","--","--","65","158","17:08","0:26","530","988","0.90","0.0","20,506","11.0","Нет","04:51:13","1","25.0","03:18:14","04:51:13","623","1,171"
Поход,2023-05-07 13:35:17,false,"Большой Кумардак ","15.38","1,416","06:54:32","--","--","43","218","26:58","0:29","799","349","0.86","0.0","19,670","9.0","Нет","06:54:32","1","28.0","03:19:17","06:54:32","643","1,278"
Поход,2023-02-03 07:52:16,false,"Уфа Поход","2.59","188","00:25:10","--","--","108","133","9:42","4:21","35","9","0.95","0.0","2,760","10.0","Нет","00:25:10","1","28.0","00:23:37","00:25:10","47","81"
Поход,2022-12-17 11:26:51,false,"Саткинский район Поход","12.53","1,010","04:18:04","--","--","59","175","20:35","0:27","676","862","0.83","0.0","16,416","8.0","Нет","04:18:04","1","28.0","02:32:34","04:18:17","652","1,158"
Поход,2022-11-11 14:33:32,false,"Белорецкий район Поход","8.68","791","02:47:58","--","--","58","157","19:21","0:53","795","797","0.90","0.0","--","9.0","Нет","02:47:58","1","24.0","01:41:06","02:47:58","764","1,174"
Поход,2022-10-08 12:54:29,false,"Невьянский район Поход","12.56","1,180","04:31:49","--","--","56","179","21:39","0:33","318","375","0.82","0.0","15,890","15.0","Нет","04:31:49","1","27.0","02:46:19","04:31:49","257","404"
Поход,2022-09-04 11:35:56,false,"Златоуст Поход","6.90","545","01:44:16","--","--","89","158","15:07","1:14","229","238","0.74","0.0","9,630","20.0","Нет","01:44:16","1","23.0","01:29:36","01:44:16","547","701"
Поход,2022-09-03 08:55:11,false,"Златоуст Поход","24.10","3,093","12:16:33","93","142","33","227","30:35","2:05","1,991","1,974","1.00","0.0","30,034","13.0","Нет","12:16:33","1","32.0","04:52:47","12:16:33","-500","1,026"
Поход,2022-08-27 12:48:31,false,"Белорецкий район Поход","31.08","3,353","25:00:39","--","--","--","--","48:17","0:12","3,533","3,558","2.51","0.0","--","24.0","Нет","25:00:39","1","34.0","07:14:13","25:00:43","482","1,107"
Поход,2022-08-21 10:26:25,false,"Златоуст Поход","9.95","840","03:11:24","101","119","62","240","19:13","1:03","227","632","0.84","0.0","13,502","23.0","Нет","03:11:24","1","28.0","02:09:18","03:12:04","456","939"
Поход,2022-08-20 11:40:17,false,"Златоуст Поход","26.07","2,233","08:11:21","--","--","50","160","18:51","0:22","1,685","1,842","1.06","0.0","27,070","22.0","Нет","08:11:21","1","30.0","04:46:38","08:11:21","293","1,178"
Поход,2022-08-19 11:37:42,false,"Златоуст Поход","33.06","2,752","10:14:48","--","--","54","190","18:36","0:11","1,850","1,236","0.99","0.0","35,810","14.0","Нет","10:14:48","1","29.0","06:16:06","10:15:42","429","1,105"
Поход,2022-08-13 11:19:10,false,"Катав-Ивановский район Поход","48.52","4,155","26:53:17","99","125","30","237","33:16","0:29","3,963","4,026","1.02","0.0","51,598","15.0","Нет","26:53:17","1","34.0","10:05:33","26:53:20","494","1,547"
Поход,2022-07-07 06:44:05,false,"Ермаковский район Поход","19.05","1,586","08:16:02","--","--","27","256","26:03","0:10","2,424","2,118","1.41","0.0","18,168","12.0","Нет","08:16:02","1","24.0","03:02:13","08:16:02","1,524","2,704"
Поход,2022-07-05 09:29:07,false,"Ермаковский район Поход","22.13","2,091","11:18:06","--","--","35","234","30:38","0:22","1,239","1,433","0.93","0.0","31,606","17.0","Нет","11:18:06","1","30.0","04:50:47","11:18:06","1,401","2,018"
Поход,2022-07-04 10:10:43,false,"Ермаковский район Поход","15.47","1,472","08:46:41","--","--","32","236","34:01","0:45","1,402","1,360","0.92","0.0","21,172","17.0","Нет","08:46:41","1","29.0","03:12:09","08:46:41","1,540","2,208"
Поход,2022-07-03 10:28:39,false,"Ермаковский район Поход","12.36","1,118","06:29:53","135","136","26","184","31:34","0:43","817","723","1.20","0.0","13,896","16.0","Нет","06:29:53","1","30.0","02:26:25","07:11:24","1,337","1,824"
Поход,2022-06-12 12:45:26,false,"Белорецкий район Поход","8.78","808","04:19:56","120","133","17","160","29:36","0:24","259","454","1.98","0.0","6,002","16.0","Нет","04:19:56","1","28.0","01:14:14","04:20:05","1,023","1,334"
Поход,2022-06-11 10:28:17,false,"Катав-Ивановский район Поход","31.44","2,790","11:54:07","87","92","45","218","22:42","0:25","1,175","849","0.98","0.0","36,702","13.0","Нет","11:54:07","1","26.0","06:19:00","11:54:07","392","1,592"
Поход,2022-06-05 07:43:33,false,"Златоуст Поход","13.16","1,384","05:04:02","93","139","49","165","23:05","0:36","247","763","0.89","0.0","16,090","12.0","Нет","05:04:02","1","22.0","02:35:03","05:04:02","498","1,197"
Поход,2022-06-04 11:08:25,false,"Златоуст Поход","16.51","2,883","08:18:15","107","150","38","165","30:12","0:23","994","433","0.88","0.0","22,156","17.0","Нет","08:18:15","1","28.0","03:15:01","08:18:15","452","1,131"
Поход,2022-05-31 10:42:00,false,"Поход","0.00","--","00:00:19.1","76","80","--","--","--","--","--","--","--","0.0","--","28.0","Нет","00:00:19.1","1","28.0","00:00:00","00:00:19.1","133","133"
Поход,2022-05-29 12:12:40,false,"Белорецкий район Поход","6.21","682","01:32:01","117","140","83","147","14:49","1:14","282","618","0.82","0.0","8,036","24.0","Нет","01:32:01","1","31.0","01:13:23","01:32:01","221","829"
Поход,2022-05-28 15:06:10,false,"Белорецкий район Поход","13.89","2,572","05:18:30","129","174","58","179","22:56","0:33","1,010","677","0.75","0.0","18,806","20.0","Нет","05:18:30","1","26.0","02:50:00","05:18:30","213","919"
Поход,2022-05-15 10:44:53,false,"Златоуст Поход","17.39","2,081","06:06:18","109","147","54","197","21:04","0:25","593","884","0.88","0.0","22,836","21.0","Нет","06:06:18","1","29.0","03:24:13","06:06:25","208","933"
Поход,2022-05-14 10:42:16,false,"Златоуст Поход","33.03","4,201","11:42:54","113","156","53","226","21:17","0:07","2,120","1,895","0.89","0.0","41,684","12.0","Нет","11:42:54","1","27.0","06:23:33","11:42:54","507","1,284"
Поход,2022-05-10 11:20:27,false,"Златоуст Поход","12.47","970","03:10:35","95","134","72","240","15:17","0:15","646","718","0.90","0.0","15,152","17.0","Нет","03:10:35","1","25.0","02:19:10","03:10:35","481","817"
Поход,2022-05-09 09:27:29,false,"Златоуст Поход","32.61","3,401","10:53:25","100","142","66","218","20:02","0:16","1,402","1,270","0.76","0.0","47,726","20.0","Нет","10:53:25","1","29.0","07:10:34","11:43:14","576","1,044"
Поход,2022-05-08 14:57:25,false,"Златоуст Поход","14.08","1,799","04:51:52","112","155","55","159","20:44","0:31","699","632","0.88","0.0","18,028","19.0","Нет","04:51:52","1","26.0","02:37:08","06:41:17","416","867"
Поход,2022-05-02 11:19:09,false,"Катав-Ивановский район Поход","14.04","877","03:55:59","95","135","75","207","16:48","0:46","128","541","0.79","0.0","18,878","9.0","Нет","03:55:59","1","21.0","02:59:30","03:55:59","557","1,029"
Поход,2022-05-01 12:25:49,false,"Катав-Ивановский район Поход","21.01","2,333","07:46:12","97","151","55","180","22:12","0:31","813","371","0.82","0.0","28,390","11.0","Нет","07:46:12","1","24.0","04:38:19","07:46:12","559","986"
Поход,2022-04-23 09:31:48,false,"Саткинский район Поход","28.84","2,561","10:11:58","94","105","55","239","21:14","0:27","976","1,102","0.86","0.0","37,358","12.0","Нет","10:11:58","1","24.0","06:15:37","10:11:58","521","999"
Поход,2022-03-26 16:24:47,false,"Ишимбайский район Поход","4.50","824","02:18:14","107","143","41","169","30:42","1:09","259","265","0.79","0.0","7,324","9.0","Нет","02:18:14","1","27.0","00:54:13","02:18:14","105","357"
Поход,2022-03-26 12:58:56,false,"Ишимбайский район Поход","7.31","732","02:09:30","105","142","--","--","17:42","0:37","138","172","1.92","0.0","--","15.0","Нет","02:09:30","1","27.0","01:15:47","02:09:30","148","250"
Поход,2022-03-19 11:13:56,false,"Верхняя Пышма Поход","18.84","1,295","04:50:04","109","153","--","--","15:24","0:51","650","933","1.61","0.0","--","14.0","Нет","04:50:04","1","32.0","03:34:42","04:50:04","-26","339"
Поход,2022-03-07 11:34:46,false,"Сочи Поход","19.64","1,647","05:12:07","102","146","57","203","15:53","0:13","1,480","1,240","1.10","0.0","19,720","12.0","Нет","05:12:07","1","25.0","03:04:11","05:12:07","159","927"
Поход,2022-03-06 12:07:12,false,"Сочи Поход","10.42","1,401","04:10:32","90","137","34","210","24:03","0:32","335","379","1.22","0.0","10,534","21.0","Нет","04:10:32","1","27.0","01:29:51","04:10:32","--","119"
Поход,2022-02-26 14:51:56,false,"Белорецкий район Поход","41.50","2,315","07:05:26","107","160","17","201","10:15","0:25","1,589","1,794","5.76","0.0","12,904","15.0","Нет","07:05:26","1","31.0","01:44:30","07:05:30","92","837"
Поход,2022-02-26 11:27:47,false,"Белорецкий район Поход","4.31","1,035","02:25:08","120","160","32","158","33:44","0:50","449","454","0.94","0.0","7,218","14.0","Нет","02:25:08","1","24.0","00:47:48","02:25:08","651","1,073"
Поход,2022-02-05 14:03:30,false,"Белорецкий район Поход","2.93","367","00:55:59","113","147","66","158","19:08","1:21","93","158","0.79","0.0","4,068","9.0","Нет","00:55:59","1","20.0","00:34:13","01:32:39","340","629"
Поход,2022-02-05 10:38:22,false,"Белорецкий район Поход","6.09","1,460","03:21:49","123","163","36","247","33:08","0:38","765","455","0.84","0.0","9,754","9.0","Нет","03:21:49","1","30.0","01:09:50","03:21:49","379","702"
Поход,2022-01-30 11:44:49,false,"Златоуст Поход","5.27","523","01:32:40","103","152","68","169","17:36","1:34","107","249","0.83","0.0","7,534","15.0","Нет","01:32:40","1","26.0","00:59:36","01:32:40","493","657"
Поход,2022-01-30 10:18:22,false,"Поход","0.00","--","00:00:01.4","98","98","--","--","--","--","--","--","--","0.0","--","28.0","Нет","00:00:01.4","1","28.0","00:00:00","00:00:01.4","657","657"
Поход,2022-01-30 08:08:06,false,"Златоуст Поход","1.73","696","01:56:20","105","133","12","177","--","0:57","238","392","1.26","0.0","2,258","10.0","Нет","01:56:20","1","23.0","00:17:18","01:56:20","649","1,042"
Поход,2022-01-29 10:31:16,false,"Златоуст Поход","19.25","2,732","08:20:26","104","156","51","166","26:00","0:36","1,254","1,238","0.75","0.0","29,314","6.0","Нет","08:20:26","1","26.0","03:56:54","08:20:26","650","1,230"
Поход,2022-01-28 16:32:12,false,"Златоуст Поход","16.06","1,528","03:43:56","114","147","92","241","13:57","0:53","584","477","0.78","0.0","21,898","1.0","Нет","03:43:56","1","26.0","03:07:28","06:21:50","513","683"
Поход,2022-01-22 09:23:35,false,"Екатеринбург Поход","20.13","1,769","05:17:19","105","155","82","221","15:46","0:56","375","386","0.78","0.0","26,882","1.0","Нет","05:17:19","1","25.0","03:52:41","05:17:19","281","383"
Поход,2022-01-15 11:39:58,false,"Верхняя Пышма Поход","15.95","1,644","04:23:41","106","162","76","249","16:32","1:06","460","477","0.80","0.0","22,448","5.0","Нет","04:23:41","1","17.0","03:02:24","04:23:41","262","448"
Поход,2022-01-06 09:43:49,false,"Yalta Поход","23.97","1,985","08:08:11","--","--","57","236","20:22","0:25","1,784","2,063","0.86","0.0","32,298","11.0","Нет","08:08:11","1","28.0","04:39:59","08:08:14","-76","1,106"
Поход,2022-01-04 13:05:55,false,"Yalta Поход","10.28","910","04:19:45","--","--","42","228","25:15","0:24","145","987","0.95","0.0","13,396","4.0","Нет","04:19:45","1","21.0","01:50:00","04:19:45","358","1,207"
Поход,2021-12-26 10:03:34,false,"Белорецкий район Поход","6.55","1,213","03:33:21","108","144","11","156","32:33","9:58","451","451","2.81","0.0","4,736","2.0","Нет","03:33:21","1","23.0","01:11:49","03:33:21","685","1,122"
Поход,2021-12-25 10:41:48,false,"Белорецкий район Поход","13.59","2,227","06:06:13","112","184","27","192","26:56","8:38","717","714","1.36","0.0","16,102","2.0","Нет","06:06:13","1","24.0","02:47:59","06:06:13","-331","240"
Поход,2021-11-06 10:34:16,false,"Катав-Ивановский район Поход","28.90","2,590","08:07:12","109","154","70","245","16:51","1:52","1,082","1,179","0.85","0.0","36,432","11.0","Нет","08:07:12","1","26.0","05:26:17","08:57:20","585","1,482"
Поход,2021-11-05 10:12:26,false,"Катав-Ивановский район Поход","27.55","3,106","09:02:02","113","161","66","238","19:41","9:12","1,209","1,204","0.77","0.0","38,870","1.0","Нет","09:02:02","1","26.0","05:38:27","09:02:02","572","1,501"
Поход,2021-11-04 09:55:47,false,"Катав-Ивановский район Поход","30.81","3,658","10:31:27","113","160","66","209","20:30","9:04","1,579","1,605","0.74","0.0","44,860","6.0","Нет","10:31:27","1","28.0","06:57:09","10:31:27","585","1,655"
Поход,2021-10-23 11:13:11,false,"Кыштым Поход","13.78","920","06:43:17","--","--","49","224","29:17","5:08","900","972","0.70","0.0","20,966","17.0","Нет","06:43:17","1","26.0","03:16:49","06:43:17","219","585"
Поход,2021-10-10 09:05:14,false,"Белорецкий район Поход","5.84","367","02:13:03","--","--","30","162","22:48","11:18","14","563","1.48","0.0","4,894","10.0","Нет","02:13:03","1","20.0","01:13:28","02:13:03","270","821"
Поход,2021-10-09 12:32:27,true,"Белорецкий район Поход","15.72","1,054","06:39:52","--","--","48","229","25:27","9:55","1,180","526","0.82","0.0","21,602","12.0","Нет","06:39:52","1","24.0","03:30:06","06:39:58","295","1,059"
Поход,2021-10-03 12:20:49,false,"Белорецкий район Поход","11.31","744","03:57:25","--","--","39","220","20:59","2:37","569","572","1.23","0.0","11,360","11.0","Нет","03:57:25","1","25.0","02:21:23","03:57:25","540","1,059"
Поход,2021-10-02 12:31:34,false,"Белорецкий район Поход","25.50","2,023","07:37:08","93","112","71","223","17:55","0:54","875","852","0.78","0.0","34,996","8.0","Нет","07:37:08","1","25.0","05:40:44","07:37:14","540","1,363"
Поход,2021-09-26 11:24:56,false,"Белорецкий район Поход","6.56","615","02:49:49","--","--","40","212","25:53","0:43","6","568","0.98","0.0","8,630","10.0","Нет","02:49:49","1","24.0","01:21:40","02:49:59","588","1,151"
Поход,2021-09-25 12:33:09,false,"Катав-Ивановский район Поход","20.56","1,802","06:53:05","73","83","55","243","20:05","0:32","1,276","996","0.91","0.0","26,468","8.0","Нет","06:53:05","1","25.0","04:08:37","06:53:06","570","1,324"
Поход,2021-07-17 13:11:04,false,"Сочи Ходьба","10.90","1,478","04:38:54","100","139","43","188","25:36","1:45","2,113","2,113","0.97","0.0","15,232","--","Нет","00:08:36.0","12","--","02:26:23","04:38:56","48","202"
